<?xml version="1.0" encoding="UTF-8" standalone="no"?>
<addon>
  <dependencies>
    <dependency export="true" name="org.jboss.forge.addon:ui" optional="true" version="3.7.2.Final"/>
    <dependency export="true" name="org.jboss.forge.addon:slf4j" optional="false" version="1.7.13"/>
    <dependency export="true" name="org.jboss.forge.addon:parser-java" optional="true" version="3.7.2.Final"/>
    <dependency export="true" name="org.jboss.forge.addon:configuration" optional="false" version="3.7.2.Final"/>
    <dependency export="true" name="org.jboss.forge.addon:javaee" optional="true" version="3.7.2.Final"/>
    <dependency export="true" name="org.jboss.forge.addon:parser-xml" optional="false" version="3.7.2.Final"/>
    <dependency export="true" name="org.jboss.forge.addon:environment" optional="false" version="3.7.2.Final"/>
    <dependency export="false" name="org.jboss.forge.furnace.container:simple" optional="false" version="2.26.2.Final"/>
    <dependency export="true" name="org.jboss.forge.addon:projects" optional="true" version="3.7.2.Final"/>
    <dependency export="true" name="org.jboss.forge.addon:resources" optional="false" version="3.7.2.Final"/>
    <dependency export="true" name="org.jboss.forge.addon:dependencies" optional="false" version="3.7.2.Final"/>
    <dependency export="true" name="org.jboss.forge.addon:templates" optional="true" version="3.7.2.Final"/>
    <dependency export="true" name="org.jboss.forge.addon:addon-manager-spi" optional="true" version="3.7.2.Final"/>
  </dependencies>
</addon>
