<?xml version="1.0" encoding="UTF-8" standalone="no"?>
<licenseSummary>
  <dependencies>
    <dependency>
      <groupId>org.hamcrest</groupId>
      <artifactId>hamcrest-core</artifactId>
      <version>1.3</version>
      <licenses>
        <license>
          <name>New BSD License</name>
          <url>http://www.opensource.org/licenses/bsd-license.php</url>
          <distribution>repo</distribution>
        </license>
      </licenses>
    </dependency>
    <dependency>
      <groupId>org.jboss.forge</groupId>
      <artifactId>forge-javassist</artifactId>
      <version>2</version>
      <licenses>
        <license>
          <name>MPL 1.1</name>
          <url>http://www.mozilla.org/MPL/MPL-1.1.html</url>
        </license>
        <license>
          <name>LGPL 2.1</name>
          <url>http://www.gnu.org/licenses/lgpl-2.1.html</url>
        </license>
        <license>
          <name>Apache License 2.0</name>
          <url>http://www.apache.org/licenses/</url>
        </license>
      </licenses>
    </dependency>
    <dependency>
      <groupId>org.apache.maven</groupId>
      <artifactId>maven-model-builder</artifactId>
      <version>3.5.0</version>
      <licenses>
        <license>
          <name>Apache License, Version 2.0</name>
          <url>http://www.apache.org/licenses/LICENSE-2.0.txt</url>
          <distribution>repo</distribution>
        </license>
      </licenses>
    </dependency>
    <dependency>
      <groupId>org.apache.maven.wagon</groupId>
      <artifactId>wagon-provider-api</artifactId>
      <version>1.0</version>
      <licenses>
        <license>
          <name>The Apache Software License, Version 2.0</name>
          <url>http://www.apache.org/licenses/LICENSE-2.0.txt</url>
          <distribution>repo</distribution>
        </license>
      </licenses>
    </dependency>
    <dependency>
      <groupId>org.apache.maven.wagon</groupId>
      <artifactId>wagon-http-shared</artifactId>
      <version>2.12</version>
      <licenses>
        <license>
          <name>Apache License, Version 2.0</name>
          <url>http://www.apache.org/licenses/LICENSE-2.0.txt</url>
          <distribution>repo</distribution>
        </license>
      </licenses>
    </dependency>
    <dependency>
      <groupId>org.apache.maven</groupId>
      <artifactId>maven-model</artifactId>
      <version>3.5.0</version>
      <licenses>
        <license>
          <name>Apache License, Version 2.0</name>
          <url>http://www.apache.org/licenses/LICENSE-2.0.txt</url>
          <distribution>repo</distribution>
        </license>
      </licenses>
    </dependency>
    <dependency>
      <groupId>junit</groupId>
      <artifactId>junit</artifactId>
      <version>4.12</version>
      <licenses>
        <license>
          <name>Eclipse Public License 1.0</name>
          <url>http://www.eclipse.org/legal/epl-v10.html</url>
          <distribution>repo</distribution>
        </license>
      </licenses>
    </dependency>
    <dependency>
      <groupId>org.apache.maven.resolver</groupId>
      <artifactId>maven-resolver-api</artifactId>
      <version>1.0.3</version>
      <licenses>
        <license>
          <name>Apache License, Version 2.0</name>
          <url>http://www.apache.org/licenses/LICENSE-2.0.txt</url>
          <distribution>repo</distribution>
        </license>
      </licenses>
    </dependency>
    <dependency>
      <groupId>org.apache.maven.resolver</groupId>
      <artifactId>maven-resolver-util</artifactId>
      <version>1.0.3</version>
      <licenses>
        <license>
          <name>Apache License, Version 2.0</name>
          <url>http://www.apache.org/licenses/LICENSE-2.0.txt</url>
          <distribution>repo</distribution>
        </license>
      </licenses>
    </dependency>
    <dependency>
      <groupId>org.jboss.forge.furnace</groupId>
      <artifactId>furnace-manager</artifactId>
      <version>2.26.2.Final</version>
      <licenses>
        <license>
          <name>Eclipse Public License version 1.0</name>
          <url>http://www.eclipse.org/legal/epl-v10.html</url>
        </license>
      </licenses>
    </dependency>
    <dependency>
      <groupId>org.jboss.forge.furnace</groupId>
      <artifactId>furnace-manager-api</artifactId>
      <version>2.26.2.Final</version>
      <licenses>
        <license>
          <name>Eclipse Public License version 1.0</name>
          <url>http://www.eclipse.org/legal/epl-v10.html</url>
        </license>
      </licenses>
    </dependency>
    <dependency>
      <groupId>org.jboss.forge.furnace</groupId>
      <artifactId>furnace-proxy</artifactId>
      <version>2.26.2.Final</version>
      <licenses>
        <license>
          <name>Eclipse Public License version 1.0</name>
          <url>http://www.eclipse.org/legal/epl-v10.html</url>
        </license>
      </licenses>
    </dependency>
    <dependency>
      <groupId>org.jboss.forge.furnace</groupId>
      <artifactId>furnace-api</artifactId>
      <version>2.26.2.Final</version>
      <licenses>
        <license>
          <name>Eclipse Public License version 1.0</name>
          <url>http://www.eclipse.org/legal/epl-v10.html</url>
        </license>
      </licenses>
    </dependency>
    <dependency>
      <groupId>org.jboss.forge.furnace</groupId>
      <artifactId>furnace-manager-resolver-maven</artifactId>
      <version>2.26.2.Final</version>
      <licenses>
        <license>
          <name>Eclipse Public License version 1.0</name>
          <url>http://www.eclipse.org/legal/epl-v10.html</url>
        </license>
      </licenses>
    </dependency>
    <dependency>
      <groupId>net.sf.jgrapht</groupId>
      <artifactId>jgrapht</artifactId>
      <version>0.8.3</version>
      <licenses>
        <license>
          <name>GNU Lesser General Public License Version 2.1, February 1999</name>
          <url>http://jgrapht.sourceforge.net/LGPL.html</url>
          <distribution>repo</distribution>
        </license>
      </licenses>
    </dependency>
    <dependency>
      <groupId>org.jsoup</groupId>
      <artifactId>jsoup</artifactId>
      <version>1.7.2</version>
      <licenses>
        <license>
          <name>The MIT License</name>
          <url>http://jsoup.com/license</url>
          <distribution>repo</distribution>
        </license>
      </licenses>
    </dependency>
    <dependency>
      <groupId>org.slf4j</groupId>
      <artifactId>slf4j-api</artifactId>
      <version>1.7.22</version>
      <licenses>
        <license>
          <name>MIT License</name>
          <url>http://www.opensource.org/licenses/mit-license.php</url>
          <distribution>repo</distribution>
        </license>
      </licenses>
    </dependency>
    <dependency>
      <groupId>org.apache.maven.resolver</groupId>
      <artifactId>maven-resolver-transport-wagon</artifactId>
      <version>1.0.3</version>
      <licenses>
        <license>
          <name>Apache License, Version 2.0</name>
          <url>http://www.apache.org/licenses/LICENSE-2.0.txt</url>
          <distribution>repo</distribution>
        </license>
      </licenses>
    </dependency>
    <dependency>
      <groupId>org.jboss.forge</groupId>
      <artifactId>xml-parser</artifactId>
      <version>1.0.0.Final</version>
      <licenses>
        <license>
          <name>Eclipse Public License version 1.0</name>
          <url>http://www.eclipse.org/legal/epl-v10.html</url>
        </license>
      </licenses>
    </dependency>
    <dependency>
      <groupId>com.google.guava</groupId>
      <artifactId>guava</artifactId>
      <version>20.0</version>
      <licenses>
        <license>
          <name>The Apache Software License, Version 2.0</name>
          <url>http://www.apache.org/licenses/LICENSE-2.0.txt</url>
          <distribution>repo</distribution>
        </license>
      </licenses>
    </dependency>
    <dependency>
      <groupId>org.apache.maven</groupId>
      <artifactId>maven-artifact</artifactId>
      <version>3.5.0</version>
      <licenses>
        <license>
          <name>Apache License, Version 2.0</name>
          <url>http://www.apache.org/licenses/LICENSE-2.0.txt</url>
          <distribution>repo</distribution>
        </license>
      </licenses>
    </dependency>
    <dependency>
      <groupId>org.apache.maven</groupId>
      <artifactId>maven-settings-builder</artifactId>
      <version>3.5.0</version>
      <licenses>
        <license>
          <name>Apache License, Version 2.0</name>
          <url>http://www.apache.org/licenses/LICENSE-2.0.txt</url>
          <distribution>repo</distribution>
        </license>
      </licenses>
    </dependency>
    <dependency>
      <groupId>org.apache.maven.resolver</groupId>
      <artifactId>maven-resolver-spi</artifactId>
      <version>1.0.3</version>
      <licenses>
        <license>
          <name>Apache License, Version 2.0</name>
          <url>http://www.apache.org/licenses/LICENSE-2.0.txt</url>
          <distribution>repo</distribution>
        </license>
      </licenses>
    </dependency>
    <dependency>
      <groupId>org.apache.commons</groupId>
      <artifactId>commons-lang3</artifactId>
      <version>3.5</version>
      <licenses>
        <license>
          <name>Apache License, Version 2.0</name>
          <url>https://www.apache.org/licenses/LICENSE-2.0.txt</url>
          <distribution>repo</distribution>
        </license>
      </licenses>
    </dependency>
    <dependency>
      <groupId>org.sonatype.plexus</groupId>
      <artifactId>plexus-sec-dispatcher</artifactId>
      <version>1.4</version>
      <licenses>
        <license>
          <name>Apache Public License 2.0</name>
          <url>http://www.apache.org/licenses/LICENSE-2.0</url>
          <distribution>repo</distribution>
        </license>
      </licenses>
    </dependency>
    <dependency>
      <groupId>org.jboss.forge.furnace</groupId>
      <artifactId>furnace-manager-spi</artifactId>
      <version>2.26.2.Final</version>
      <licenses>
        <license>
          <name>Eclipse Public License version 1.0</name>
          <url>http://www.eclipse.org/legal/epl-v10.html</url>
        </license>
      </licenses>
    </dependency>
    <dependency>
      <groupId>org.apache.maven.resolver</groupId>
      <artifactId>maven-resolver-impl</artifactId>
      <version>1.0.3</version>
      <licenses>
        <license>
          <name>Apache License, Version 2.0</name>
          <url>http://www.apache.org/licenses/LICENSE-2.0.txt</url>
          <distribution>repo</distribution>
        </license>
      </licenses>
    </dependency>
    <dependency>
      <groupId>org.codehaus.plexus</groupId>
      <artifactId>plexus-interpolation</artifactId>
      <version>1.24</version>
      <licenses>
        <license>
          <name>Apache License, Version 2.0</name>
          <url>http://www.apache.org/licenses/LICENSE-2.0.txt</url>
          <distribution>repo</distribution>
        </license>
      </licenses>
    </dependency>
    <dependency>
      <groupId>org.apache.maven.wagon</groupId>
      <artifactId>wagon-file</artifactId>
      <version>2.12</version>
      <licenses>
        <license>
          <name>Apache License, Version 2.0</name>
          <url>http://www.apache.org/licenses/LICENSE-2.0.txt</url>
          <distribution>repo</distribution>
        </license>
      </licenses>
    </dependency>
    <dependency>
      <groupId>commons-io</groupId>
      <artifactId>commons-io</artifactId>
      <version>2.5</version>
      <licenses>
        <license>
          <name>Apache License, Version 2.0</name>
          <url>http://www.apache.org/licenses/LICENSE-2.0.txt</url>
          <distribution>repo</distribution>
        </license>
      </licenses>
    </dependency>
    <dependency>
      <groupId>org.apache.maven</groupId>
      <artifactId>maven-builder-support</artifactId>
      <version>3.5.0</version>
      <licenses>
        <license>
          <name>Apache License, Version 2.0</name>
          <url>http://www.apache.org/licenses/LICENSE-2.0.txt</url>
          <distribution>repo</distribution>
        </license>
      </licenses>
    </dependency>
    <dependency>
      <groupId>org.apache.maven.resolver</groupId>
      <artifactId>maven-resolver-connector-basic</artifactId>
      <version>1.0.3</version>
      <licenses>
        <license>
          <name>Apache License, Version 2.0</name>
          <url>http://www.apache.org/licenses/LICENSE-2.0.txt</url>
          <distribution>repo</distribution>
        </license>
      </licenses>
    </dependency>
    <dependency>
      <groupId>org.jboss.forge.furnace</groupId>
      <artifactId>furnace</artifactId>
      <version>2.26.2.Final</version>
      <licenses>
        <license>
          <name>Eclipse Public License version 1.0</name>
          <url>http://www.eclipse.org/legal/epl-v10.html</url>
        </license>
      </licenses>
    </dependency>
    <dependency>
      <groupId>org.apache.maven</groupId>
      <artifactId>maven-repository-metadata</artifactId>
      <version>3.5.0</version>
      <licenses>
        <license>
          <name>Apache License, Version 2.0</name>
          <url>http://www.apache.org/licenses/LICENSE-2.0.txt</url>
          <distribution>repo</distribution>
        </license>
      </licenses>
    </dependency>
    <dependency>
      <groupId>org.codehaus.plexus</groupId>
      <artifactId>plexus-utils</artifactId>
      <version>3.0.24</version>
      <licenses>
        <license>
          <name>Apache License, Version 2.0</name>
          <url>http://www.apache.org/licenses/LICENSE-2.0.txt</url>
          <distribution>repo</distribution>
        </license>
      </licenses>
    </dependency>
    <dependency>
      <groupId>org.sonatype.plexus</groupId>
      <artifactId>plexus-cipher</artifactId>
      <version>1.4</version>
      <licenses>
        <license>
          <name>Apache Public License 2.0</name>
          <url>http://www.apache.org/licenses/LICENSE-2.0</url>
          <distribution>repo</distribution>
        </license>
      </licenses>
    </dependency>
    <dependency>
      <groupId>org.jboss.forge</groupId>
      <artifactId>jboss-modules</artifactId>
      <version>1.3.1.Final-forge</version>
      <licenses>
        <license>
          <name>lgpl</name>
          <url>http://repository.jboss.org/licenses/lgpl-2.1.txt</url>
          <distribution>repo</distribution>
        </license>
      </licenses>
    </dependency>
    <dependency>
      <groupId>org.codehaus.plexus</groupId>
      <artifactId>plexus-component-annotations</artifactId>
      <version>1.7.1</version>
      <licenses>
        <license>
          <name>Apache License, Version 2.0</name>
          <url>http://www.apache.org/licenses/LICENSE-2.0.txt</url>
          <distribution>repo</distribution>
        </license>
      </licenses>
    </dependency>
    <dependency>
      <groupId>org.apache.maven.wagon</groupId>
      <artifactId>wagon-http-lightweight</artifactId>
      <version>2.12</version>
      <licenses>
        <license>
          <name>Apache License, Version 2.0</name>
          <url>http://www.apache.org/licenses/LICENSE-2.0.txt</url>
          <distribution>repo</distribution>
        </license>
      </licenses>
    </dependency>
    <dependency>
      <groupId>org.jboss.logmanager</groupId>
      <artifactId>jboss-logmanager</artifactId>
      <version>2.0.4.Final</version>
      <licenses>
        <license>
          <name>Apache License Version 2.0</name>
          <url>http://repository.jboss.org/licenses/apache-2.0.txt</url>
          <distribution>repo</distribution>
        </license>
      </licenses>
    </dependency>
    <dependency>
      <groupId>org.apache.maven</groupId>
      <artifactId>maven-resolver-provider</artifactId>
      <version>3.5.0</version>
      <licenses>
        <license>
          <name>Apache License, Version 2.0</name>
          <url>http://www.apache.org/licenses/LICENSE-2.0.txt</url>
          <distribution>repo</distribution>
        </license>
      </licenses>
    </dependency>
    <dependency>
      <groupId>org.apache.maven</groupId>
      <artifactId>maven-settings</artifactId>
      <version>3.5.0</version>
      <licenses>
        <license>
          <name>Apache License, Version 2.0</name>
          <url>http://www.apache.org/licenses/LICENSE-2.0.txt</url>
          <distribution>repo</distribution>
        </license>
      </licenses>
    </dependency>
    <dependency>
      <groupId>org.jboss.forge</groupId>
      <artifactId>forge-bootstrap</artifactId>
      <version>3.7.2.Final</version>
      <licenses>
        <license>
          <name>Eclipse Public License version 1.0</name>
          <url>http://www.eclipse.org/legal/epl-v10.html</url>
        </license>
      </licenses>
    </dependency>
  </dependencies>
</licenseSummary>
