<?xml version="1.0" encoding="UTF-8" standalone="no"?>
<addon>
  <dependencies>
    <dependency export="false" name="org.jboss.forge.addon:ui" optional="false" version="3.7.2.Final"/>
    <dependency export="false" name="org.jboss.forge.furnace.container:simple" optional="false" version="2.26.2.Final"/>
    <dependency export="true" name="org.jboss.forge.addon:maven" optional="false" version="3.7.2.Final"/>
    <dependency export="true" name="org.jboss.forge.addon:javaee-spi" optional="false" version="3.7.2.Final"/>
    <dependency export="true" name="org.jboss.forge.addon:projects" optional="true" version="3.7.2.Final"/>
    <dependency export="true" name="org.jboss.forge.addon:text" optional="false" version="3.7.2.Final"/>
    <dependency export="false" name="org.jboss.forge.addon:git" optional="false" version="3.7.2.Final"/>
    <dependency export="true" name="org.jboss.forge.addon:script" optional="false" version="3.7.2.Final"/>
    <dependency export="true" name="org.jboss.forge.addon:dependencies" optional="true" version="3.7.2.Final"/>
    <dependency export="true" name="org.jboss.forge.addon:addon-manager-spi" optional="false" version="3.7.2.Final"/>
  </dependencies>
</addon>
